start_time;duracion;end_time;game_id;teams;yards;qtr;date;time
1740937881.6492;0.0020s;1740937881.6512;2017090700;KC@NE;1;3;2017-09-07;03:03
1740937881.6492;0.0020s;1740937881.6512;2017090700;NE@KC;1;4;2017-09-07;09:06
1740937881.6492;0.0020s;1740937881.6512;2017091001;ATL@CHI;1;1;2017-09-10;04:32
1740937881.6492;0.0020s;1740937881.6512;2017091001;CHI@ATL;1;1;2017-09-10;05:33
1740937881.6492;0.0020s;1740937881.6512;2017091000;NYJ@BUF;1;1;2017-09-10;07:08
1740937881.6492;0.0020s;1740937881.6512;2017091003;CLE@PIT;1;1;2017-09-10;08:09
1740937881.6492;0.0020s;1740937881.6512;2017091004;DET@ARI;1;1;2017-09-10;09:42
1740937881.6492;0.0020s;1740937881.6512;2017091011;CAR@SF;1;1;2017-09-10;12:12
1740937881.6492;0.0020s;1740937881.6512;2017091010;SEA@GB;1;1;2017-09-10;13:34
1740937881.6492;0.0020s;1740937881.6512;2017091002;CIN@BAL;1;2;2017-09-10;00:43
1740937881.6492;0.0020s;1740937881.6512;2017091012;NYG@DAL;1;2;2017-09-10;01:27
1740937881.6492;0.0020s;1740937881.6512;2017091003;PIT@CLE;1;2;2017-09-10;05:30
1740937881.6492;0.0020s;1740937881.6512;2017091002;BAL@CIN;1;2;2017-09-10;07:22
1740937881.6492;0.0020s;1740937881.6512;2017091009;IND@LA;1;2;2017-09-10;07:41
1740937881.6492;0.0020s;1740937881.6512;2017091005;JAX@HOU;1;2;2017-09-10;08:51
1740937881.6492;0.0020s;1740937881.6512;2017091001;CHI@ATL;1;2;2017-09-10;11:40
1740937881.6492;0.0020s;1740937881.6512;2017091009;IND@LA;1;2;2017-09-10;12:01
1740937881.6492;0.0020s;1740937881.6512;2017091003;PIT@CLE;1;2;2017-09-10;13:06
1740937881.6492;0.0020s;1740937881.6512;2017091010;SEA@GB;1;2;2017-09-10;15:00
1740937881.6492;0.0020s;1740937881.6512;2017091000;NYJ@BUF;1;3;2017-09-10;09:18
1740937881.6492;0.0020s;1740937881.6512;2017091011;SF@CAR;1;3;2017-09-10;10:13
1740937881.6492;0.0020s;1740937881.6512;2017091001;ATL@CHI;1;3;2017-09-10;10:22
1740937881.6492;0.0020s;1740937881.6512;2017091000;NYJ@BUF;1;4;2017-09-10;04:00
1740937881.6492;0.0020s;1740937881.6512;2017091002;BAL@CIN;1;4;2017-09-10;04:16
1740937881.6492;0.0020s;1740937881.6512;2017091004;ARI@DET;1;4;2017-09-10;07:18
1740937881.6492;0.0020s;1740937881.6512;2017091009;LA@IND;1;4;2017-09-10;09:39
1740937881.6492;0.0020s;1740937881.6512;2017091003;CLE@PIT;1;4;2017-09-10;10:47
1740937881.6492;0.0020s;1740937881.6512;2017091002;BAL@CIN;1;4;2017-09-10;12:34
1740937881.6492;0.0020s;1740937881.6512;2017091009;LA@IND;1;4;2017-09-10;14:25
1740937881.6492;0.0020s;1740937881.6512;2017091004;ARI@DET;1;4;2017-09-10;14:29
1740937881.6492;0.0020s;1740937881.6512;2017091101;LAC@DEN;1;2;2017-09-11;01:56
1740937881.6492;0.0020s;1740937881.6512;2017091101;LAC@DEN;1;2;2017-09-11;10:20
1740937881.6492;0.0020s;1740937881.6512;2017091100;MIN@NO;1;2;2017-09-11;12:24
1740937881.6492;0.0020s;1740937881.6512;2017091101;DEN@LAC;1;2;2017-09-11;13:28
1740937881.6492;0.0020s;1740937881.6512;2017091100;NO@MIN;1;2;2017-09-11;14:56
1740937881.6492;0.0020s;1740937881.6512;2017091101;LAC@DEN;1;3;2017-09-11;08:29
1740937881.6492;0.0020s;1740937881.6512;2017091100;NO@MIN;1;3;2017-09-11;09:36
1740937881.6492;0.0020s;1740937881.6512;2017091400;HOU@CIN;1;1;2017-09-14;05:28
1740937881.6492;0.0020s;1740937881.6512;2017091400;HOU@CIN;1;1;2017-09-14;10:19
1740937881.6492;0.0020s;1740937881.6512;2017091400;HOU@CIN;1;1;2017-09-14;14:14
1740937881.6492;0.0020s;1740937881.6512;2017091400;CIN@HOU;1;2;2017-09-14;07:25
1740937881.6492;0.0020s;1740937881.6512;2017091400;HOU@CIN;1;2;2017-09-14;10:31
1740937881.6492;0.0020s;1740937881.6512;2017091400;CIN@HOU;1;3;2017-09-14;00:41
1740937881.6492;0.0020s;1740937881.6512;2017091400;HOU@CIN;1;4;2017-09-14;00:12
1740937881.6492;0.0020s;1740937881.6512;2017091400;HOU@CIN;1;4;2017-09-14;10:05
1740937881.6492;0.0020s;1740937881.6512;2017091701;BUF@CAR;1;1;2017-09-17;00:34
1740937881.6492;0.0020s;1740937881.6512;2017091703;JAX@TEN;1;1;2017-09-17;00:59
1740937881.6492;0.0020s;1740937881.6512;2017091708;MIA@LAC;1;1;2017-09-17;01:31
1740937881.6492;0.0020s;1740937881.6512;2017091711;LA@WAS;1;1;2017-09-17;03:22
1740937881.6492;0.0020s;1740937881.6512;2017091712;SEA@SF;1;1;2017-09-17;05:50
1740937881.6492;0.0020s;1740937881.6512;2017091702;ARI@IND;1;1;2017-09-17;06:00
1740937881.6492;0.0020s;1740937881.6512;2017091701;BUF@CAR;1;1;2017-09-17;07:56
1740937881.6492;0.0020s;1740937881.6512;2017091706;MIN@PIT;1;1;2017-09-17;08:55
1740937881.6492;0.0020s;1740937881.6512;2017091702;ARI@IND;1;1;2017-09-17;13:34
1740937881.6492;0.0020s;1740937881.6512;2017091708;LAC@MIA;1;1;2017-09-17;13:37
1740937881.6492;0.0020s;1740937881.6512;2017091711;WAS@LA;1;2;2017-09-17;00:24
1740937881.6492;0.0020s;1740937881.6512;2017091712;SEA@SF;1;2;2017-09-17;01:07
1740937881.6492;0.0020s;1740937881.6512;2017091711;LA@WAS;1;2;2017-09-17;01:23
1740937881.6492;0.0020s;1740937881.6512;2017091710;DAL@DEN;1;2;2017-09-17;04:36
1740937881.6492;0.0020s;1740937881.6512;2017091711;WAS@LA;1;2;2017-09-17;07:29
1740937881.6492;0.0020s;1740937881.6512;2017091706;PIT@MIN;1;2;2017-09-17;08:00
1740937881.6492;0.0020s;1740937881.6512;2017091701;BUF@CAR;1;2;2017-09-17;09:04
1740937881.6492;0.0020s;1740937881.6512;2017091712;SEA@SF;1;2;2017-09-17;09:58
1740937881.6492;0.0020s;1740937881.6512;2017091705;NE@NO;1;2;2017-09-17;10:40
1740937881.6492;0.0020s;1740937881.6512;2017091700;CLE@BAL;1;2;2017-09-17;10:51
1740937881.6492;0.0020s;1740937881.6512;2017091706;MIN@PIT;0;3;2017-09-17;14:30
1740937881.6492;0.0020s;1740937881.6512;2017091712;SF@SEA;1;3;2017-09-17;01:33
1740937881.6492;0.0020s;1740937881.6512;2017091701;BUF@CAR;1;3;2017-09-17;03:33
1740937881.6492;0.0020s;1740937881.6512;2017091700;CLE@BAL;1;3;2017-09-17;06:27
1740937881.6492;0.0020s;1740937881.6512;2017091703;JAX@TEN;1;3;2017-09-17;07:39
1740937881.6492;0.0020s;1740937881.6512;2017091701;BUF@CAR;1;3;2017-09-17;08:30
1740937881.6492;0.0020s;1740937881.6512;2017091701;CAR@BUF;1;3;2017-09-17;10:50
1740937881.6492;0.0020s;1740937881.6512;2017091711;WAS@LA;1;3;2017-09-17;12:13
1740937881.6492;0.0020s;1740937881.6512;2017091702;ARI@IND;1;3;2017-09-17;12:16
1740937881.6492;0.0020s;1740937881.6512;2017091707;CHI@TB;1;3;2017-09-17;14:24
1740937881.6492;0.0020s;1740937881.6512;2017091702;IND@ARI;1;4;2017-09-17;00:33
1740937881.6492;0.0020s;1740937881.6512;2017091710;DEN@DAL;1;4;2017-09-17;03:34
1740937881.6492;0.0020s;1740937881.6512;2017091704;PHI@KC;1;4;2017-09-17;05:33
1740937881.6492;0.0020s;1740937881.6512;2017091707;TB@CHI;1;4;2017-09-17;07:58
1740937881.6492;0.0020s;1740937881.6512;2017091705;NO@NE;1;4;2017-09-17;14:27
1740937881.6492;0.0020s;1740937881.6512;2017091709;NYJ@OAK;1;4;2017-09-17;15:00
1740937881.6492;0.0020s;1740937881.6512;2017091711;LA@WAS;28;4;2017-09-17;10:05
1740937881.6492;0.0020s;1740937881.6512;2017091800;NYG@DET;1;2;2017-09-18;03:08
1740937881.6492;0.0020s;1740937881.6512;2017091800;DET@NYG;1;3;2017-09-18;10:56
1740937881.6492;0.0020s;1740937881.6512;2017092100;LA@SF;1;4;2017-09-21;06:44
1740937881.6492;0.0020s;1740937881.6512;2017092408;MIA@NYJ;1;1;2017-09-24;03:10
1740937881.6492;0.0020s;1740937881.6512;2017092404;DET@ATL;1;1;2017-09-24;03:41
1740937881.6492;0.0020s;1740937881.6512;2017092405;CLE@IND;1;1;2017-09-24;07:18
1740937881.6492;0.0020s;1740937881.6512;2017092410;TEN@SEA;1;1;2017-09-24;11:19
1740937881.6492;0.0020s;1740937881.6512;2017092408;NYJ@MIA;1;1;2017-09-24;13:02
1740937881.6492;0.0020s;1740937881.6512;2017092401;DEN@BUF;1;1;2017-09-24;13:02
1740937881.6492;0.0020s;1740937881.6512;2017092407;HOU@NE;1;1;2017-09-24;13:45
1740937881.6492;0.0020s;1740937881.6512;2017092400;BAL@JAX;1;2;2017-09-24;00:22
1740937881.6492;0.0020s;1740937881.6512;2017092407;HOU@NE;1;2;2017-09-24;01:13
1740937881.6492;0.0020s;1740937881.6512;2017092413;OAK@WAS;1;2;2017-09-24;01:52
1740937881.6492;0.0020s;1740937881.6512;2017092411;GB@CIN;1;2;2017-09-24;01:54
1740937881.6492;0.0020s;1740937881.6512;2017092402;CAR@NO;1;2;2017-09-24;04:55
1740937881.6492;0.0020s;1740937881.6512;2017092401;DEN@BUF;1;2;2017-09-24;05:00
1740937881.6492;0.0020s;1740937881.6512;2017092408;MIA@NYJ;1;2;2017-09-24;06:28
1740937881.6492;0.0020s;1740937881.6512;2017092413;WAS@OAK;1;2;2017-09-24;12:09
1740937881.6492;0.0020s;1740937881.6512;2017092412;KC@LAC;1;2;2017-09-24;12:23
1740937881.6492;0.0020s;1740937881.6512;2017092403;CHI@PIT;1;2;2017-09-24;13:04
1740937881.6492;0.0020s;1740937881.6512;2017092408;MIA@NYJ;0;3;2017-09-24;08:37
1740937881.6492;0.0020s;1740937881.6512;2017092401;DEN@BUF;1;3;2017-09-24;00:33
1740937881.6492;0.0020s;1740937881.6512;2017092410;SEA@TEN;1;3;2017-09-24;01:59
1740937881.6492;0.0020s;1740937881.6512;2017092400;BAL@JAX;1;3;2017-09-24;03:32
1740937881.6492;0.0020s;1740937881.6512;2017092405;CLE@IND;1;3;2017-09-24;03:38
1740937881.6492;0.0020s;1740937881.6512;2017092411;GB@CIN;1;3;2017-09-24;05:36
1740937881.6492;0.0020s;1740937881.6512;2017092402;NO@CAR;1;3;2017-09-24;05:42
1740937881.6492;0.0020s;1740937881.6512;2017092412;KC@LAC;1;3;2017-09-24;05:44
1740937881.6492;0.0020s;1740937881.6512;2017092410;SEA@TEN;1;3;2017-09-24;06:40
1740937881.6492;0.0020s;1740937881.6512;2017092411;CIN@GB;1;3;2017-09-24;07:50
1740937881.6492;0.0020s;1740937881.6512;2017092401;BUF@DEN;1;3;2017-09-24;12:57
1740937881.6492;0.0020s;1740937881.6512;2017092403;CHI@PIT;1;3;2017-09-24;13:45
1740937881.6492;0.0020s;1740937881.6512;2017092404;DET@ATL;1;3;2017-09-24;13:45
1740937881.6492;0.0020s;1740937881.6512;2017092408;MIA@NYJ;1;3;2017-09-24;14:07
1740937881.6492;0.0020s;1740937881.6512;2017092409;NYG@PHI;1;3;2017-09-24;14:20
1740937881.6492;0.0020s;1740937881.6512;2017092412;KC@LAC;-4;4;2017-09-24;15:00
1740937881.6492;0.0020s;1740937881.6512;2017092402;NO@CAR;1;4;2017-09-24;01:59
1740937881.6492;0.0020s;1740937881.6512;2017092412;LAC@KC;1;4;2017-09-24;03:20
1740937881.6492;0.0020s;1740937881.6512;2017092404;ATL@DET;1;4;2017-09-24;03:26
1740937881.6492;0.0020s;1740937881.6512;2017092410;TEN@SEA;1;4;2017-09-24;05:20
1740937881.6492;0.0020s;1740937881.6512;2017092411;GB@CIN;1;4;2017-09-24;09:43
1740937881.6492;0.0020s;1740937881.6512;2017092412;LAC@KC;1;4;2017-09-24;10:00
1740937881.6492;0.0020s;1740937881.6512;2017092407;NE@HOU;1;4;2017-09-24;10:42
1740937881.6492;0.0020s;1740937881.6512;2017092412;KC@LAC;1;4;2017-09-24;11:40
1740937881.6492;0.0020s;1740937881.6512;2017092411;CIN@GB;1;4;2017-09-24;12:47
1740937881.6492;0.0020s;1740937881.6512;2017092411;CIN@GB;1;5;2017-09-24;07:54
1740937881.6492;0.0020s;1740937881.6512;2017092500;DAL@ARI;1;1;2017-09-25;08:17
1740937881.6492;0.0020s;1740937881.6512;2017092500;ARI@DAL;1;2;2017-09-25;02:35
1740937881.6492;0.0020s;1740937881.6512;2017092500;ARI@DAL;1;3;2017-09-25;10:44
1740937881.6492;0.0020s;1740937881.6512;2017092500;DAL@ARI;1;4;2017-09-25;03:05
1740937881.6492;0.0020s;1740937881.6512;2017092500;ARI@DAL;1;4;2017-09-25;04:15
1740937881.6492;0.0020s;1740937881.6512;2017092500;ARI@DAL;1;4;2017-09-25;14:55
1740937881.6492;0.0020s;1740937881.6512;2017092800;GB@CHI;1;2;2017-09-28;01:54
1740937881.6492;0.0020s;1740937881.6512;2017100107;NE@CAR;1;1;2017-10-01;04:35
1740937881.6492;0.0020s;1740937881.6512;2017100103;CLE@CIN;1;1;2017-10-01;05:32
1740937881.6492;0.0020s;1740937881.6512;2017100111;NYG@TB;1;1;2017-10-01;09:58
1740937881.6492;0.0020s;1740937881.6512;2017100105;TEN@HOU;1;1;2017-10-01;10:24
1740937881.6492;0.0020s;1740937881.6512;2017100106;DET@MIN;1;1;2017-10-01;11:33
1740937881.6492;0.0020s;1740937881.6512;2017100103;CLE@CIN;1;1;2017-10-01;13:13
1740937881.6492;0.0020s;1740937881.6512;2017100112;DEN@OAK;1;1;2017-10-01;13:16
1740937881.6492;0.0020s;1740937881.6512;2017100109;SF@ARI;1;2;2017-10-01;00:46
1740937881.6492;0.0020s;1740937881.6512;2017100110;PHI@LAC;1;2;2017-10-01;01:04
1740937881.6492;0.0020s;1740937881.6512;2017100102;BAL@PIT;1;2;2017-10-01;02:23
1740937881.6492;0.0020s;1740937881.6512;2017100106;DET@MIN;1;2;2017-10-01;05:52
1740937881.6492;0.0020s;1740937881.6512;2017100102;BAL@PIT;1;2;2017-10-01;10:32
1740937881.6492;0.0020s;1740937881.6512;2017100112;DEN@OAK;1;2;2017-10-01;12:14
1740937881.6492;0.0020s;1740937881.6512;2017100111;NYG@TB;1;2;2017-10-01;13:42
1740937881.6492;0.0020s;1740937881.6512;2017100101;BUF@ATL;1;2;2017-10-01;14:40
1740937881.6492;0.0020s;1740937881.6512;2017100108;NYJ@JAX;31;2;2017-10-01;00:22
1740937881.6492;0.0020s;1740937881.6512;2017100103;CLE@CIN;1;3;2017-10-01;01:19
1740937881.6492;0.0020s;1740937881.6512;2017100105;HOU@TEN;1;3;2017-10-01;03:43
1740937881.6492;0.0020s;1740937881.6512;2017100100;MIA@NO;1;3;2017-10-01;04:19
1740937881.6492;0.0020s;1740937881.6512;2017100105;TEN@HOU;1;3;2017-10-01;05:21
1740937881.6492;0.0020s;1740937881.6512;2017100100;NO@MIA;1;3;2017-10-01;05:57
1740937881.6492;0.0020s;1740937881.6512;2017100100;MIA@NO;1;3;2017-10-01;07:02
1740937881.6492;0.0020s;1740937881.6512;2017100112;OAK@DEN;1;3;2017-10-01;07:26
1740937881.6492;0.0020s;1740937881.6512;2017100110;LAC@PHI;1;3;2017-10-01;07:56
1740937881.6492;0.0020s;1740937881.6512;2017100107;NE@CAR;1;3;2017-10-01;09:28
1740937881.6492;0.0020s;1740937881.6512;2017100103;CLE@CIN;1;3;2017-10-01;10:06
1740937881.6492;0.0020s;1740937881.6512;2017100104;DAL@LA;1;3;2017-10-01;10:54
1740937881.6492;0.0020s;1740937881.6512;2017100112;OAK@DEN;1;3;2017-10-01;13:02
1740937881.6492;0.0020s;1740937881.6512;2017100109;ARI@SF;1;4;2017-10-01;01:02
1740937881.6492;0.0020s;1740937881.6512;2017100106;DET@MIN;1;4;2017-10-01;02:00
1740937881.6492;0.0020s;1740937881.6512;2017100105;TEN@HOU;1;4;2017-10-01;02:18
1740937881.6492;0.0020s;1740937881.6512;2017100109;ARI@SF;1;4;2017-10-01;02:35
1740937881.6492;0.0020s;1740937881.6512;2017100103;CIN@CLE;1;4;2017-10-01;06:42
1740937881.6492;0.0020s;1740937881.6512;2017100106;DET@MIN;1;4;2017-10-01;08:28
1740937881.6492;0.0020s;1740937881.6512;2017100103;CIN@CLE;1;4;2017-10-01;10:10
1740937881.6492;0.0020s;1740937881.6512;2017100103;CIN@CLE;1;4;2017-10-01;14:19
1740937881.6492;0.0020s;1740937881.6512;2017100500;NE@TB;1;1;2017-10-05;10:44
1740937881.6492;0.0020s;1740937881.6512;2017100500;NE@TB;1;2;2017-10-05;13:48
1740937881.6492;0.0020s;1740937881.6512;2017100500;NE@TB;1;4;2017-10-05;04:38
1740937881.6492;0.0020s;1740937881.6512;2017100811;HOU@KC;1;1;2017-10-08;02:59
1740937881.6492;0.0020s;1740937881.6512;2017100808;LA@SEA;1;1;2017-10-08;03:33
1740937881.6492;0.0020s;1740937881.6512;2017100800;CIN@BUF;1;1;2017-10-08;04:31
1740937881.6492;0.0020s;1740937881.6512;2017100806;ARI@PHI;1;1;2017-10-08;05:44
1740937881.6492;0.0020s;1740937881.6512;2017100802;DET@CAR;1;1;2017-10-08;07:02
1740937881.6492;0.0020s;1740937881.6512;2017100801;NYJ@CLE;1;1;2017-10-08;08:13
1740937881.6492;0.0020s;1740937881.6512;2017100801;CLE@NYJ;1;1;2017-10-08;11:05
1740937881.6492;0.0020s;1740937881.6512;2017100804;MIA@TEN;1;1;2017-10-08;11:23
1740937881.6492;0.0020s;1740937881.6512;2017100806;ARI@PHI;1;1;2017-10-08;13:59
1740937881.6492;0.0020s;1740937881.6512;2017100804;TEN@MIA;1;2;2017-10-08;00:32
1740937881.6492;0.0020s;1740937881.6512;2017100804;TEN@MIA;1;2;2017-10-08;02:58
1740937881.6492;0.0020s;1740937881.6512;2017100806;ARI@PHI;1;2;2017-10-08;03:31
1740937881.6492;0.0020s;1740937881.6512;2017100806;PHI@ARI;1;2;2017-10-08;04:58
1740937881.6492;0.0020s;1740937881.6512;2017100803;SF@IND;1;2;2017-10-08;05:10
1740937881.6492;0.0020s;1740937881.6512;2017100802;CAR@DET;1;2;2017-10-08;06:39
1740937881.6492;0.0020s;1740937881.6512;2017100805;LAC@NYG;1;2;2017-10-08;07:02
1740937881.6492;0.0020s;1740937881.6512;2017100801;NYJ@CLE;1;2;2017-10-08;13:39
1740937881.6492;0.0020s;1740937881.6512;2017100804;TEN@MIA;1;3;2017-10-08;00:40
1740937881.6492;0.0020s;1740937881.6512;2017100804;TEN@MIA;1;3;2017-10-08;03:42
1740937881.6492;0.0020s;1740937881.6512;2017100809;BAL@OAK;1;3;2017-10-08;08:40
1740937881.6492;0.0020s;1740937881.6512;2017100811;HOU@KC;1;3;2017-10-08;13:08
1740937881.6492;0.0020s;1740937881.6512;2017100800;BUF@CIN;1;3;2017-10-08;13:43
1740937881.6492;0.0020s;1740937881.6512;2017100805;NYG@LAC;1;3;2017-10-08;13:49
1740937881.6492;0.0020s;1740937881.6512;2017100809;OAK@BAL;1;3;2017-10-08;14:11
1740937881.6492;0.0020s;1740937881.6512;2017100811;KC@HOU;1;4;2017-10-08;03:41
1740937881.6492;0.0020s;1740937881.6512;2017100805;NYG@LAC;1;4;2017-10-08;09:17
1740937881.6492;0.0020s;1740937881.6512;2017100804;TEN@MIA;1;4;2017-10-08;09:27
1740937881.6492;0.0020s;1740937881.6512;2017100810;GB@DAL;1;4;2017-10-08;10:46
1740937881.6492;0.0020s;1740937881.6512;2017100800;BUF@CIN;1;4;2017-10-08;11:54
1740937881.6492;0.0020s;1740937881.6512;2017100900;MIN@CHI;1;1;2017-10-09;09:24
1740937881.6492;0.0020s;1740937881.6512;2017100900;CHI@MIN;1;2;2017-10-09;00:38
1740937881.6492;0.0020s;1740937881.6512;2017100900;MIN@CHI;1;2;2017-10-09;02:50
1740937881.6492;0.0020s;1740937881.6512;2017100900;CHI@MIN;1;2;2017-10-09;07:16
1740937881.6492;0.0020s;1740937881.6512;2017100900;MIN@CHI;1;2;2017-10-09;10:10
1740937881.6492;0.0020s;1740937881.6512;2017100900;CHI@MIN;1;3;2017-10-09;05:33
1740937881.6492;0.0020s;1740937881.6512;2017100900;MIN@CHI;1;4;2017-10-09;09:33
1740937881.6492;0.0020s;1740937881.6512;2017101200;PHI@CAR;1;2;2017-10-12;12:48
1740937881.6492;0.0020s;1740937881.6512;2017101200;PHI@CAR;1;4;2017-10-12;05:58
1740937881.6492;0.0020s;1740937881.6512;2017101501;BAL@CHI;1;1;2017-10-15;00:22
1740937881.6492;0.0020s;1740937881.6512;2017101508;JAX@LA;1;1;2017-10-15;03:50
1740937881.6492;0.0020s;1740937881.6512;2017101505;NYJ@NE;1;1;2017-10-15;04:04
1740937881.6492;0.0020s;1740937881.6512;2017101502;HOU@CLE;1;1;2017-10-15;05:00
1740937881.6492;0.0020s;1740937881.6512;2017101501;BAL@CHI;1;1;2017-10-15;05:24
1740937881.6492;0.0020s;1740937881.6512;2017101509;PIT@KC;1;1;2017-10-15;08:51
1740937881.6492;0.0020s;1740937881.6512;2017101505;NYJ@NE;1;2;2017-10-15;01:49
1740937881.6492;0.0020s;1740937881.6512;2017101501;CHI@BAL;1;2;2017-10-15;01:51
1740937881.6492;0.0020s;1740937881.6512;2017101502;HOU@CLE;1;2;2017-10-15;01:54
1740937881.6492;0.0020s;1740937881.6512;2017101502;CLE@HOU;1;2;2017-10-15;02:47
1740937881.6492;0.0020s;1740937881.6512;2017101511;NYG@DEN;1;2;2017-10-15;02:48
1740937881.6492;0.0020s;1740937881.6512;2017101505;NYJ@NE;1;2;2017-10-15;03:26
1740937881.6492;0.0020s;1740937881.6512;2017101503;GB@MIN;1;2;2017-10-15;05:52
1740937881.6492;0.0020s;1740937881.6512;2017101508;JAX@LA;1;2;2017-10-15;05:58
1740937881.6492;0.0020s;1740937881.6512;2017101501;CHI@BAL;1;2;2017-10-15;06:42
1740937881.6492;0.0020s;1740937881.6512;2017101511;NYG@DEN;1;2;2017-10-15;07:33
1740937881.6492;0.0020s;1740937881.6512;2017101510;OAK@LAC;1;2;2017-10-15;08:41
1740937881.6492;0.0020s;1740937881.6512;2017101508;LA@JAX;1;2;2017-10-15;11:22
1740937881.6492;0.0020s;1740937881.6512;2017101510;LAC@OAK;1;2;2017-10-15;11:24
1740937881.6492;0.0020s;1740937881.6512;2017101507;TB@ARI;1;2;2017-10-15;11:44
1740937881.6492;0.0020s;1740937881.6512;2017101502;CLE@HOU;1;3;2017-10-15;00:27
1740937881.6492;0.0020s;1740937881.6512;2017101507;ARI@TB;1;3;2017-10-15;01:31
1740937881.6492;0.0020s;1740937881.6512;2017101501;BAL@CHI;1;3;2017-10-15;02:39
1740937881.6492;0.0020s;1740937881.6512;2017101501;CHI@BAL;1;3;2017-10-15;04:21
1740937881.6492;0.0020s;1740937881.6512;2017101506;WAS@SF;1;3;2017-10-15;07:29
1740937881.6492;0.0020s;1740937881.6512;2017101501;BAL@CHI;1;3;2017-10-15;09:58
1740937881.6492;0.0020s;1740937881.6512;2017101511;DEN@NYG;1;3;2017-10-15;11:04
1740937881.6492;0.0020s;1740937881.6512;2017101502;CLE@HOU;1;3;2017-10-15;14:09
1740937881.6492;0.0020s;1740937881.6512;2017101501;CHI@BAL;1;4;2017-10-15;00:23
1740937881.6492;0.0020s;1740937881.6512;2017101509;PIT@KC;1;4;2017-10-15;01:59
1740937881.6492;0.0020s;1740937881.6512;2017101502;HOU@CLE;1;4;2017-10-15;02:00
1740937881.6492;0.0020s;1740937881.6512;2017101510;OAK@LAC;1;4;2017-10-15;04:19
1740937881.6492;0.0020s;1740937881.6512;2017101504;NO@DET;1;4;2017-10-15;04:24
1740937881.6492;0.0020s;1740937881.6512;2017101505;NE@NYJ;1;4;2017-10-15;06:41
1740937881.6492;0.0020s;1740937881.6512;2017101500;ATL@MIA;1;4;2017-10-15;07:11
1740937881.6492;0.0020s;1740937881.6512;2017101502;HOU@CLE;1;4;2017-10-15;08:08
1740937881.6492;0.0020s;1740937881.6512;2017101506;SF@WAS;1;4;2017-10-15;08:34
1740937881.6492;0.0020s;1740937881.6512;2017101509;PIT@KC;1;4;2017-10-15;09:14
1740937881.6492;0.0020s;1740937881.6512;2017101502;CLE@HOU;1;4;2017-10-15;09:42
1740937881.6492;0.0020s;1740937881.6512;2017101502;HOU@CLE;1;4;2017-10-15;12:10
1740937881.6492;0.0020s;1740937881.6512;2017101504;NO@DET;1;4;2017-10-15;15:00
1740937881.6492;0.0020s;1740937881.6512;2017101600;IND@TEN;1;3;2017-10-16;14:12
1740937881.6492;0.0020s;1740937881.6512;2017101900;OAK@KC;1;3;2017-10-19;05:18
1740937881.6492;0.0020s;1740937881.6512;2017101900;KC@OAK;1;4;2017-10-19;02:38
1740937881.6492;0.0020s;1740937881.6512;2017101900;OAK@KC;1;4;2017-10-19;04:26
1740937881.6492;0.0020s;1740937881.6512;2017102210;LAC@DEN;1;1;2017-10-22;00:12
1740937881.6492;0.0020s;1740937881.6512;2017102210;DEN@LAC;1;1;2017-10-22;01:20
1740937881.6492;0.0020s;1740937881.6512;2017102205;ARI@LA;1;1;2017-10-22;02:15
1740937881.6492;0.0020s;1740937881.6512;2017102201;CAR@CHI;1;1;2017-10-22;04:01
1740937881.6492;0.0020s;1740937881.6512;2017102206;MIA@NYJ;1;1;2017-10-22;06:32
1740937881.6492;0.0020s;1740937881.6512;2017102202;CLE@TEN;1;1;2017-10-22;06:44
1740937881.6492;0.0020s;1740937881.6512;2017102201;CAR@CHI;1;1;2017-10-22;07:58
1740937881.6492;0.0020s;1740937881.6512;2017102211;SEA@NYG;1;1;2017-10-22;12:11
1740937881.6492;0.0020s;1740937881.6512;2017102207;BAL@MIN;1;1;2017-10-22;13:08
1740937881.6492;0.0020s;1740937881.6512;2017102206;MIA@NYJ;1;2;2017-10-22;00:39
1740937881.6492;0.0020s;1740937881.6512;2017102210;LAC@DEN;1;2;2017-10-22;01:55
1740937881.6492;0.0020s;1740937881.6512;2017102205;LA@ARI;1;2;2017-10-22;05:58
1740937881.6492;0.0020s;1740937881.6512;2017102212;ATL@NE;1;2;2017-10-22;11:28
1740937881.6492;0.0020s;1740937881.6512;2017102206;NYJ@MIA;1;2;2017-10-22;11:38
1740937881.6492;0.0020s;1740937881.6512;2017102211;SEA@NYG;1;3;2017-10-22;04:04
1740937881.6492;0.0020s;1740937881.6512;2017102210;DEN@LAC;1;3;2017-10-22;04:55
1740937881.6492;0.0020s;1740937881.6512;2017102211;NYG@SEA;1;3;2017-10-22;05:39
1740937881.6492;0.0020s;1740937881.6512;2017102211;NYG@SEA;1;3;2017-10-22;09:00
1740937881.6492;0.0020s;1740937881.6512;2017102207;BAL@MIN;1;3;2017-10-22;09:28
1740937881.6492;0.0020s;1740937881.6512;2017102206;MIA@NYJ;1;3;2017-10-22;10:59
1740937881.6492;0.0020s;1740937881.6512;2017102201;CHI@CAR;1;3;2017-10-22;13:51
1740937881.6492;0.0020s;1740937881.6512;2017102202;TEN@CLE;1;4;2017-10-22;00:25
1740937881.6492;0.0020s;1740937881.6512;2017102210;LAC@DEN;1;4;2017-10-22;01:07
1740937881.6492;0.0020s;1740937881.6512;2017102206;NYJ@MIA;1;4;2017-10-22;04:15
1740937881.6492;0.0020s;1740937881.6512;2017102201;CHI@CAR;1;4;2017-10-22;07:38
1740937881.6492;0.0020s;1740937881.6512;2017102208;CIN@PIT;1;4;2017-10-22;09:32
1740937881.6492;0.0020s;1740937881.6512;2017102206;NYJ@MIA;1;4;2017-10-22;09:53
1740937881.6492;0.0020s;1740937881.6512;2017102208;PIT@CIN;1;4;2017-10-22;11:18
1740937881.6492;0.0020s;1740937881.6512;2017102206;NYJ@MIA;1;4;2017-10-22;13:05
1740937881.6492;0.0020s;1740937881.6512;2017102207;BAL@MIN;1;4;2017-10-22;14:21
1740937881.6492;0.0020s;1740937881.6512;2017102204;JAX@IND;1;4;2017-10-22;15:00
1740937881.6492;0.0020s;1740937881.6512;2017102208;PIT@CIN;44;4;2017-10-22;06:53
1740937881.6492;0.0020s;1740937881.6512;2017102202;CLE@TEN;1;5;2017-10-22;09:14
1740937881.6492;0.0020s;1740937881.6512;2017102300;WAS@PHI;1;1;2017-10-23;07:00
1740937881.6492;0.0020s;1740937881.6512;2017102300;PHI@WAS;1;2;2017-10-23;08:26
1740937881.6492;0.0020s;1740937881.6512;2017102300;PHI@WAS;1;3;2017-10-23;04:59
1740937881.6492;0.0020s;1740937881.6512;2017102600;MIA@BAL;1;1;2017-10-26;09:18
1740937881.6492;0.0020s;1740937881.6512;2017102600;BAL@MIA;1;1;2017-10-26;10:16
1740937881.6492;0.0020s;1740937881.6512;2017102600;MIA@BAL;1;2;2017-10-26;01:12
1740937881.6492;0.0020s;1740937881.6512;2017102600;BAL@MIA;1;3;2017-10-26;03:08
1740937881.6492;0.0020s;1740937881.6512;2017102905;NYJ@ATL;1;1;2017-10-29;01:47
1740937881.6492;0.0020s;1740937881.6512;2017102901;BUF@OAK;1;1;2017-10-29;03:35
1740937881.6492;0.0020s;1740937881.6512;2017102902;IND@CIN;1;1;2017-10-29;04:27
1740937881.6492;0.0020s;1740937881.6512;2017102904;NO@CHI;1;1;2017-10-29;05:27
1740937881.6492;0.0020s;1740937881.6512;2017102907;TB@CAR;1;1;2017-10-29;10:24
1740937881.6492;0.0020s;1740937881.6512;2017102908;SEA@HOU;1;1;2017-10-29;11:42
1740937881.6492;0.0020s;1740937881.6512;2017102907;TB@CAR;1;1;2017-10-29;14:06
1740937881.6492;0.0020s;1740937881.6512;2017102903;LAC@NE;1;2;2017-10-29;02:07
1740937881.6492;0.0020s;1740937881.6512;2017102907;TB@CAR;1;2;2017-10-29;02:40
1740937881.6492;0.0020s;1740937881.6512;2017102905;ATL@NYJ;1;2;2017-10-29;05:13
1740937881.6492;0.0020s;1740937881.6512;2017102902;CIN@IND;1;2;2017-10-29;11:50
1740937881.6492;0.0020s;1740937881.6512;2017102910;PIT@DET;1;2;2017-10-29;12:55
1740937881.6492;0.0020s;1740937881.6512;2017102901;OAK@BUF;1;2;2017-10-29;13:38
1740937881.6492;0.0020s;1740937881.6512;2017102906;PHI@SF;1;2;2017-10-29;15:00
1740937881.6492;0.0020s;1740937881.6512;2017102904;CHI@NO;1;3;2017-10-29;00:31
1740937881.6492;0.0020s;1740937881.6512;2017102909;WAS@DAL;1;3;2017-10-29;04:51
1740937881.6492;0.0020s;1740937881.6512;2017102906;SF@PHI;1;3;2017-10-29;05:53
1740937881.6492;0.0020s;1740937881.6512;2017102901;OAK@BUF;1;3;2017-10-29;07:27
1740937881.6492;0.0020s;1740937881.6512;2017102900;MIN@CLE;1;3;2017-10-29;10:41
1740937881.6492;0.0020s;1740937881.6512;2017102903;LAC@NE;1;3;2017-10-29;11:01
1740937881.6492;0.0020s;1740937881.6512;2017102908;SEA@HOU;1;3;2017-10-29;11:34
1740937881.6492;0.0020s;1740937881.6512;2017102906;SF@PHI;1;3;2017-10-29;11:56
1740937881.6492;0.0020s;1740937881.6512;2017102908;HOU@SEA;1;4;2017-10-29;01:49
1740937881.6492;0.0020s;1740937881.6512;2017102903;LAC@NE;1;4;2017-10-29;04:52
1740937881.6492;0.0020s;1740937881.6512;2017102900;CLE@MIN;1;4;2017-10-29;06:43
1740937881.6492;0.0020s;1740937881.6512;2017102900;CLE@MIN;1;4;2017-10-29;08:50
1740937881.6492;0.0020s;1740937881.6512;2017102910;PIT@DET;1;4;2017-10-29;12:01
1740937881.6492;0.0020s;1740937881.6512;2017102904;CHI@NO;1;4;2017-10-29;12:02
1740937881.6492;0.0020s;1740937881.6512;2017103000;KC@DEN;1;1;2017-10-30;10:58
1740937881.6492;0.0020s;1740937881.6512;2017103000;KC@DEN;1;2;2017-10-30;10:12
1740937881.6492;0.0020s;1740937881.6512;2017103000;KC@DEN;1;3;2017-10-30;07:09
1740937881.6492;0.0020s;1740937881.6512;2017110200;NYJ@BUF;1;1;2017-11-02;03:19
1740937881.6492;0.0020s;1740937881.6512;2017110200;BUF@NYJ;1;1;2017-11-02;11:40
1740937881.6492;0.0020s;1740937881.6512;2017110200;NYJ@BUF;1;2;2017-11-02;03:30
1740937881.6492;0.0020s;1740937881.6512;2017110200;BUF@NYJ;1;3;2017-11-02;08:45
1740937881.6492;0.0020s;1740937881.6512;2017110507;ARI@SF;1;1;2017-11-05;01:47
1740937881.6492;0.0020s;1740937881.6512;2017110508;WAS@SEA;1;1;2017-11-05;02:06
1740937881.6492;0.0020s;1740937881.6512;2017110501;IND@HOU;1;1;2017-11-05;03:14
1740937881.6492;0.0020s;1740937881.6512;2017110507;ARI@SF;1;1;2017-11-05;03:44
1740937881.6492;0.0020s;1740937881.6512;2017110501;HOU@IND;1;1;2017-11-05;04:12
1740937881.6492;0.0020s;1740937881.6512;2017110505;DEN@PHI;1;1;2017-11-05;04:15
1740937881.6492;0.0020s;1740937881.6512;2017110509;KC@DAL;1;1;2017-11-05;06:44
1740937881.6492;0.0020s;1740937881.6512;2017110501;HOU@IND;1;1;2017-11-05;07:38
1740937881.6492;0.0020s;1740937881.6512;2017110509;DAL@KC;1;1;2017-11-05;08:48
1740937881.6492;0.0020s;1740937881.6512;2017110507;SF@ARI;1;1;2017-11-05;09:27
1740937881.6492;0.0020s;1740937881.6512;2017110508;SEA@WAS;1;1;2017-11-05;10:14
1740937881.6492;0.0020s;1740937881.6512;2017110508;WAS@SEA;1;2;2017-11-05;00:56
1740937881.6492;0.0020s;1740937881.6512;2017110506;BAL@TEN;1;2;2017-11-05;01:00
1740937881.6492;0.0020s;1740937881.6512;2017110507;ARI@SF;1;2;2017-11-05;08:53
1740937881.6492;0.0020s;1740937881.6512;2017110507;SF@ARI;1;2;2017-11-05;10:24
1740937881.6492;0.0020s;1740937881.6512;2017110505;PHI@DEN;1;2;2017-11-05;12:21
1740937881.6492;0.0020s;1740937881.6512;2017110500;ATL@CAR;1;2;2017-11-05;14:16
1740937881.6492;0.0020s;1740937881.6512;2017110505;DEN@PHI;1;2;2017-11-05;14:26
1740937881.6492;0.0020s;1740937881.6512;2017110510;MIA@OAK;1;3;2017-11-05;03:38
1740937881.6492;0.0020s;1740937881.6512;2017110506;TEN@BAL;1;3;2017-11-05;04:53
1740937881.6492;0.0020s;1740937881.6512;2017110505;DEN@PHI;1;3;2017-11-05;06:30
1740937881.6492;0.0020s;1740937881.6512;2017110501;IND@HOU;1;3;2017-11-05;07:53
1740937881.6492;0.0020s;1740937881.6512;2017110504;NYG@LA;1;3;2017-11-05;08:13
1740937881.6492;0.0020s;1740937881.6512;2017110503;TB@NO;1;3;2017-11-05;08:28
1740937881.6492;0.0020s;1740937881.6512;2017110506;BAL@TEN;1;3;2017-11-05;11:44
1740937881.6492;0.0020s;1740937881.6512;2017110510;MIA@OAK;1;3;2017-11-05;12:59
1740937881.6492;0.0020s;1740937881.6512;2017110506;TEN@BAL;1;3;2017-11-05;13:18
1740937881.6492;0.0020s;1740937881.6512;2017110508;SEA@WAS;1;3;2017-11-05;13:36
1740937881.6492;0.0020s;1740937881.6512;2017110505;DEN@PHI;1;4;2017-11-05;00:18
1740937881.6492;0.0020s;1740937881.6512;2017110507;ARI@SF;1;4;2017-11-05;01:56
1740937881.6492;0.0020s;1740937881.6512;2017110509;DAL@KC;1;4;2017-11-05;02:00
1740937881.6492;0.0020s;1740937881.6512;2017110504;NYG@LA;1;4;2017-11-05;02:18
1740937881.6492;0.0020s;1740937881.6512;2017110508;WAS@SEA;1;4;2017-11-05;02:31
1740937881.6492;0.0020s;1740937881.6512;2017110500;CAR@ATL;1;4;2017-11-05;02:32
1740937881.6492;0.0020s;1740937881.6512;2017110510;OAK@MIA;1;4;2017-11-05;09:43
1740937881.6492;0.0020s;1740937881.6512;2017110502;CIN@JAX;1;4;2017-11-05;12:35
1740937881.6492;0.0020s;1740937881.6512;2017110507;SF@ARI;1;4;2017-11-05;12:46
1740937881.6492;0.0020s;1740937881.6512;2017110600;GB@DET;1;2;2017-11-06;15:00
1740937881.6492;0.0020s;1740937881.6512;2017110600;GB@DET;1;3;2017-11-06;04:37
1740937881.6492;0.0020s;1740937881.6512;2017110900;ARI@SEA;1;1;2017-11-09;09:19
1740937881.6492;0.0020s;1740937881.6512;2017110900;SEA@ARI;1;1;2017-11-09;13:19
1740937881.6492;0.0020s;1740937881.6512;2017110900;SEA@ARI;1;2;2017-11-09;09:16
1740937881.6492;0.0020s;1740937881.6512;2017110900;SEA@ARI;1;3;2017-11-09;02:17
1740937881.6492;0.0020s;1740937881.6512;2017110900;SEA@ARI;1;4;2017-11-09;02:40
1740937881.6492;0.0020s;1740937881.6512;2017110900;SEA@ARI;1;4;2017-11-09;09:37
1740937881.6492;0.0020s;1740937881.6512;2017110900;ARI@SEA;1;4;2017-11-09;11:54
1740937881.6492;0.0020s;1740937881.6512;2017111204;JAX@LAC;1;1;2017-11-12;00:34
1740937881.6492;0.0020s;1740937881.6512;2017111203;PIT@IND;1;1;2017-11-12;01:38
1740937881.6492;0.0020s;1740937881.6512;2017111200;BUF@NO;1;1;2017-11-12;05:03
1740937881.6492;0.0020s;1740937881.6512;2017111207;WAS@MIN;1;1;2017-11-12;06:14
1740937881.6492;0.0020s;1740937881.6512;2017111204;LAC@JAX;1;1;2017-11-12;07:43
1740937881.6492;0.0020s;1740937881.6512;2017111208;LA@HOU;1;1;2017-11-12;08:20
1740937881.6492;0.0020s;1740937881.6512;2017111203;PIT@IND;1;1;2017-11-12;10:00
1740937881.6492;0.0020s;1740937881.6512;2017111201;CHI@GB;1;1;2017-11-12;12:09
1740937881.6492;0.0020s;1740937881.6512;2017111202;DET@CLE;1;1;2017-11-12;13:13
1740937881.6492;0.0020s;1740937881.6512;2017111200;BUF@NO;1;2;2017-11-12;00:35
1740937881.6492;0.0020s;1740937881.6512;2017111201;GB@CHI;1;2;2017-11-12;01:49
1740937881.6492;0.0020s;1740937881.6512;2017111203;PIT@IND;1;2;2017-11-12;04:25
1740937881.6492;0.0020s;1740937881.6512;2017111204;LAC@JAX;1;2;2017-11-12;06:28
1740937881.6492;0.0020s;1740937881.6512;2017111209;ATL@DAL;1;2;2017-11-12;07:07
1740937881.6492;0.0020s;1740937881.6512;2017111202;CLE@DET;1;2;2017-11-12;08:52
1740937881.6492;0.0020s;1740937881.6512;2017111205;NYJ@TB;1;2;2017-11-12;09:24
1740937881.6492;0.0020s;1740937881.6512;2017111200;BUF@NO;1;2;2017-11-12;13:59
1740937881.6492;0.0020s;1740937881.6512;2017111205;NYJ@TB;1;2;2017-11-12;14:05
1740937881.6492;0.0020s;1740937881.6512;2017111208;LA@HOU;6;2;2017-11-12;03:39
1740937881.6492;0.0020s;1740937881.6512;2017111208;HOU@LA;1;3;2017-11-12;03:04
1740937881.6492;0.0020s;1740937881.6512;2017111206;CIN@TEN;1;3;2017-11-12;04:45
1740937881.6492;0.0020s;1740937881.6512;2017111205;TB@NYJ;1;3;2017-11-12;05:24
1740937881.6492;0.0020s;1740937881.6512;2017111204;LAC@JAX;1;3;2017-11-12;06:26
1740937881.6492;0.0020s;1740937881.6512;2017111201;CHI@GB;1;3;2017-11-12;08:20
1740937881.6492;0.0020s;1740937881.6512;2017111208;HOU@LA;1;3;2017-11-12;10:09
1740937881.6492;0.0020s;1740937881.6512;2017111206;TEN@CIN;1;3;2017-11-12;11:17
1740937881.6492;0.0020s;1740937881.6512;2017111204;JAX@LAC;1;3;2017-11-12;13:52
1740937881.6492;0.0020s;1740937881.6512;2017111206;TEN@CIN;1;3;2017-11-12;14:08
1740937881.6492;0.0020s;1740937881.6512;2017111204;LAC@JAX;1;4;2017-11-12;01:08
1740937881.6492;0.0020s;1740937881.6512;2017111204;LAC@JAX;1;4;2017-11-12;02:51
1740937881.6492;0.0020s;1740937881.6512;2017111202;CLE@DET;1;4;2017-11-12;05:32
1740937881.6492;0.0020s;1740937881.6512;2017111210;SF@NYG;1;4;2017-11-12;05:46
1740937881.6492;0.0020s;1740937881.6512;2017111206;TEN@CIN;1;4;2017-11-12;05:59
1740937881.6492;0.0020s;1740937881.6512;2017111206;CIN@TEN;1;4;2017-11-12;07:03
1740937881.6492;0.0020s;1740937881.6512;2017111202;DET@CLE;1;4;2017-11-12;07:10
1740937881.6492;0.0020s;1740937881.6512;2017111203;IND@PIT;1;4;2017-11-12;10:24
1740937881.6492;0.0020s;1740937881.6512;2017111206;CIN@TEN;1;4;2017-11-12;11:57
1740937881.6492;0.0020s;1740937881.6512;2017111210;NYG@SF;1;4;2017-11-12;13:01
1740937881.6492;0.0020s;1740937881.6512;2017111204;JAX@LAC;1;4;2017-11-12;14:06
1740937881.6492;0.0020s;1740937881.6512;2017111200;BUF@NO;1;4;2017-11-12;14:30
1740937881.6492;0.0020s;1740937881.6512;2017111202;CLE@DET;1;4;2017-11-12;15:00
1740937881.6492;0.0020s;1740937881.6512;2017111204;LAC@JAX;1;4;2017-11-12;15:00
1740937881.6492;0.0020s;1740937881.6512;2017111300;MIA@CAR;1;1;2017-11-13;12:16
1740937881.6492;0.0020s;1740937881.6512;2017111600;TEN@PIT;1;2;2017-11-16;09:03
1740937881.6492;0.0020s;1740937881.6512;2017111600;TEN@PIT;1;4;2017-11-16;13:53
1740937881.6492;0.0020s;1740937881.6512;2017111901;CLE@JAX;1;1;2017-11-19;02:57
1740937881.6492;0.0020s;1740937881.6512;2017111908;DEN@CIN;1;1;2017-11-19;12:47
1740937881.6492;0.0020s;1740937881.6512;2017111911;TB@MIA;1;1;2017-11-19;13:11
1740937881.6492;0.0020s;1740937881.6512;2017111906;NYG@KC;2;1;2017-11-19;07:59
1740937881.6492;0.0020s;1740937881.6512;2017111910;PHI@DAL;1;2;2017-11-19;00:15
1740937881.6492;0.0020s;1740937881.6512;2017111908;CIN@DEN;1;2;2017-11-19;00:49
1740937881.6492;0.0020s;1740937881.6512;2017111902;GB@BAL;1;2;2017-11-19;01:49
1740937881.6492;0.0020s;1740937881.6512;2017111900;CHI@DET;1;2;2017-11-19;03:45
1740937881.6492;0.0020s;1740937881.6512;2017111903;ARI@HOU;1;2;2017-11-19;04:40
1740937881.6492;0.0020s;1740937881.6512;2017111901;CLE@JAX;1;2;2017-11-19;04:54
1740937881.6492;0.0020s;1740937881.6512;2017111901;JAX@CLE;1;2;2017-11-19;05:55
1740937881.6492;0.0020s;1740937881.6512;2017111907;BUF@LAC;1;2;2017-11-19;09:12
1740937881.6492;0.0020s;1740937881.6512;2017111901;CLE@JAX;1;2;2017-11-19;09:31
1740937881.6492;0.0020s;1740937881.6512;2017111910;PHI@DAL;1;2;2017-11-19;13:20
1740937881.6492;0.0020s;1740937881.6512;2017111900;DET@CHI;1;3;2017-11-19;04:33
1740937881.6492;0.0020s;1740937881.6512;2017111907;LAC@BUF;1;3;2017-11-19;04:52
1740937881.6492;0.0020s;1740937881.6512;2017111900;CHI@DET;1;3;2017-11-19;06:05
1740937881.6492;0.0020s;1740937881.6512;2017111908;CIN@DEN;1;3;2017-11-19;07:19
1740937881.6492;0.0020s;1740937881.6512;2017111906;NYG@KC;1;3;2017-11-19;12:52
1740937881.6492;0.0020s;1740937881.6512;2017111900;DET@CHI;1;3;2017-11-19;13:29
1740937881.6492;0.0020s;1740937881.6512;2017111901;JAX@CLE;1;3;2017-11-19;13:36
1740937881.6492;0.0020s;1740937881.6512;2017111904;MIN@LA;1;3;2017-11-19;13:54
1740937881.6492;0.0020s;1740937881.6512;2017111905;WAS@NO;5;3;2017-11-19;05:40
1740937881.6492;0.0020s;1740937881.6512;2017111907;BUF@LAC;1;4;2017-11-19;02:56
1740937881.6492;0.0020s;1740937881.6512;2017111910;PHI@DAL;1;4;2017-11-19;03:25
1740937881.6492;0.0020s;1740937881.6512;2017111905;WAS@NO;1;4;2017-11-19;11:34
1740937881.6492;0.0020s;1740937881.6512;2017111906;KC@NYG;1;5;2017-11-19;06:06
1740937881.6492;0.0020s;1740937881.6512;2017111905;WAS@NO;1;5;2017-11-19;09:05
1740937881.6492;0.0020s;1740937881.6512;2017112302;WAS@NYG;1;1;2017-11-23;08:07
1740937881.6492;0.0020s;1740937881.6512;2017112302;NYG@WAS;1;2;2017-11-23;01:14
1740937881.6492;0.0020s;1740937881.6512;2017112300;DET@MIN;1;2;2017-11-23;02:08
1740937881.6492;0.0020s;1740937881.6512;2017112302;NYG@WAS;1;3;2017-11-23;05:39
1740937881.6492;0.0020s;1740937881.6512;2017112302;NYG@WAS;1;3;2017-11-23;10:14
1740937881.6492;0.0020s;1740937881.6512;2017112300;DET@MIN;1;4;2017-11-23;06:30
1740937881.6492;0.0020s;1740937881.6512;2017112302;NYG@WAS;1;4;2017-11-23;11:50
1740937881.6492;0.0020s;1740937881.6512;2017112300;MIN@DET;1;4;2017-11-23;15:00
1740937881.6492;0.0020s;1740937881.6512;2017112608;SF@SEA;1;1;2017-11-26;00:12
1740937881.6492;0.0020s;1740937881.6512;2017112603;KC@BUF;1;1;2017-11-26;06:05
1740937881.6492;0.0020s;1740937881.6512;2017112610;DEN@OAK;1;1;2017-11-26;06:31
1740937881.6492;0.0020s;1740937881.6512;2017112603;BUF@KC;1;1;2017-11-26;09:48
1740937881.6492;0.0020s;1740937881.6512;2017112604;MIA@NE;1;1;2017-11-26;10:19
1740937881.6492;0.0020s;1740937881.6512;2017112609;JAX@ARI;1;1;2017-11-26;13:24
1740937881.6492;0.0020s;1740937881.6512;2017112608;SF@SEA;1;1;2017-11-26;13:36
1740937881.6492;0.0020s;1740937881.6512;2017112610;OAK@DEN;1;1;2017-11-26;14:12
1740937881.6492;0.0020s;1740937881.6512;2017112602;IND@TEN;1;1;2017-11-26;14:16
1740937881.6492;0.0020s;1740937881.6512;2017112608;SEA@SF;1;2;2017-11-26;01:52
1740937881.6492;0.0020s;1740937881.6512;2017112609;ARI@JAX;1;2;2017-11-26;02:12
1740937881.6492;0.0020s;1740937881.6512;2017112605;NYJ@CAR;1;2;2017-11-26;02:52
1740937881.6492;0.0020s;1740937881.6512;2017112611;GB@PIT;1;2;2017-11-26;03:46
1740937881.6492;0.0020s;1740937881.6512;2017112605;NYJ@CAR;1;2;2017-11-26;06:22
1740937881.6492;0.0020s;1740937881.6512;2017112610;DEN@OAK;1;2;2017-11-26;06:57
1740937881.6492;0.0020s;1740937881.6512;2017112609;JAX@ARI;1;2;2017-11-26;07:04
1740937881.6492;0.0020s;1740937881.6512;2017112605;CAR@NYJ;1;2;2017-11-26;07:18
1740937881.6492;0.0020s;1740937881.6512;2017112605;NYJ@CAR;1;2;2017-11-26;08:46
1740937881.6492;0.0020s;1740937881.6512;2017112608;SEA@SF;1;2;2017-11-26;09:36
1740937881.6492;0.0020s;1740937881.6512;2017112603;KC@BUF;1;2;2017-11-26;10:30
1740937881.6492;0.0020s;1740937881.6512;2017112600;TB@ATL;1;2;2017-11-26;10:50
1740937881.6492;0.0020s;1740937881.6512;2017112600;TB@ATL;1;2;2017-11-26;14:15
1740937881.6492;0.0020s;1740937881.6512;2017112604;MIA@NE;1;2;2017-11-26;14:55
1740937881.6492;0.0020s;1740937881.6512;2017112603;KC@BUF;1;2;2017-11-26;15:00
1740937881.6492;0.0020s;1740937881.6512;2017112601;CLE@CIN;1;3;2017-11-26;01:13
1740937881.6492;0.0020s;1740937881.6512;2017112606;CHI@PHI;1;3;2017-11-26;01:14
1740937881.6492;0.0020s;1740937881.6512;2017112601;CIN@CLE;1;3;2017-11-26;02:34
1740937881.6492;0.0020s;1740937881.6512;2017112603;BUF@KC;1;3;2017-11-26;02:58
1740937881.6492;0.0020s;1740937881.6512;2017112609;JAX@ARI;1;3;2017-11-26;03:01
1740937881.6492;0.0020s;1740937881.6512;2017112603;KC@BUF;1;3;2017-11-26;04:49
1740937881.6492;0.0020s;1740937881.6512;2017112605;CAR@NYJ;1;3;2017-11-26;06:28
1740937881.6492;0.0020s;1740937881.6512;2017112610;DEN@OAK;1;3;2017-11-26;11:13
1740937881.6492;0.0020s;1740937881.6512;2017112607;NO@LA;1;3;2017-11-26;12:52
1740937881.6492;0.0020s;1740937881.6512;2017112605;NYJ@CAR;1;3;2017-11-26;13:31
1740937881.6492;0.0020s;1740937881.6512;2017112609;JAX@ARI;1;4;2017-11-26;00:27
1740937881.6492;0.0020s;1740937881.6512;2017112611;GB@PIT;1;4;2017-11-26;00:27
1740937881.6492;0.0020s;1740937881.6512;2017112602;IND@TEN;1;4;2017-11-26;04:04
1740937881.6492;0.0020s;1740937881.6512;2017112604;NE@MIA;1;4;2017-11-26;10:37
1740937881.6492;0.0020s;1740937881.6512;2017112602;TEN@IND;1;4;2017-11-26;12:57
1740937881.6492;0.0020s;1740937881.6512;2017112605;CAR@NYJ;1;4;2017-11-26;13:09
1740937881.6492;0.0020s;1740937881.6512;2017112700;BAL@HOU;22;2;2017-11-27;12:26
1740937881.6492;0.0020s;1740937881.6512;2017112700;BAL@HOU;1;4;2017-11-27;06:44
1740937881.6492;0.0020s;1740937881.6512;2017113000;WAS@DAL;1;1;2017-11-30;02:03
1740937881.6492;0.0020s;1740937881.6512;2017120307;NO@CAR;1;1;2017-12-03;00:20
1740937881.6492;0.0020s;1740937881.6512;2017120313;PHI@SEA;1;1;2017-12-03;03:08
1740937881.6492;0.0020s;1740937881.6512;2017120307;NO@CAR;1;1;2017-12-03;03:57
1740937881.6492;0.0020s;1740937881.6512;2017120312;OAK@NYG;1;1;2017-12-03;05:32
1740937881.6492;0.0020s;1740937881.6512;2017120311;ARI@LA;1;1;2017-12-03;06:04
1740937881.6492;0.0020s;1740937881.6512;2017120303;CHI@SF;1;1;2017-12-03;06:33
1740937881.6492;0.0020s;1740937881.6512;2017120312;NYG@OAK;1;1;2017-12-03;10:38
1740937881.6492;0.0020s;1740937881.6512;2017120308;NYJ@KC;1;1;2017-12-03;10:55
1740937881.6492;0.0020s;1740937881.6512;2017120305;JAX@IND;29;1;2017-12-03;09:05
1740937881.6492;0.0020s;1740937881.6512;2017120312;OAK@NYG;-11;2;2017-12-03;00:49
1740937881.6492;0.0020s;1740937881.6512;2017120300;MIN@ATL;1;2;2017-12-03;04:00
1740937881.6492;0.0020s;1740937881.6512;2017120311;LA@ARI;1;2;2017-12-03;06:02
1740937881.6492;0.0020s;1740937881.6512;2017120306;DEN@MIA;1;2;2017-12-03;06:55
1740937881.6492;0.0020s;1740937881.6512;2017120304;TB@GB;1;2;2017-12-03;09:53
1740937881.6492;0.0020s;1740937881.6512;2017120302;BUF@NE;1;2;2017-12-03;09:59
1740937881.6492;0.0020s;1740937881.6512;2017120307;CAR@NO;1;2;2017-12-03;13:17
1740937881.6492;0.0020s;1740937881.6512;2017120301;BAL@DET;1;2;2017-12-03;14:51
1740937881.6492;0.0020s;1740937881.6512;2017120306;DEN@MIA;1;3;2017-12-03;02:09
1740937881.6492;0.0020s;1740937881.6512;2017120301;BAL@DET;1;3;2017-12-03;06:34
1740937881.6492;0.0020s;1740937881.6512;2017120306;DEN@MIA;1;3;2017-12-03;06:40
1740937881.6492;0.0020s;1740937881.6512;2017120311;ARI@LA;1;3;2017-12-03;08:22
1740937881.6492;0.0020s;1740937881.6512;2017120309;TEN@HOU;1;3;2017-12-03;13:36
1740937881.6492;0.0020s;1740937881.6512;2017120312;OAK@NYG;1;3;2017-12-03;13:59
1740937881.6492;0.0020s;1740937881.6512;2017120301;DET@BAL;1;4;2017-12-03;00:36
1740937881.6492;0.0020s;1740937881.6512;2017120313;SEA@PHI;1;4;2017-12-03;01:05
1740937881.6492;0.0020s;1740937881.6512;2017120310;LAC@CLE;1;4;2017-12-03;02:21
1740937881.6492;0.0020s;1740937881.6512;2017120311;ARI@LA;1;4;2017-12-03;04:43
1740937881.6492;0.0020s;1740937881.6512;2017120300;MIN@ATL;1;4;2017-12-03;09:42
1740937881.6492;0.0020s;1740937881.6512;2017120309;TEN@HOU;1;4;2017-12-03;11:40
1740937881.6492;0.0020s;1740937881.6512;2017120311;LA@ARI;1;4;2017-12-03;13:03
1740937881.6492;0.0020s;1740937881.6512;2017120304;GB@TB;1;4;2017-12-03;13:15
1740937881.6492;0.0020s;1740937881.6512;2017120300;ATL@MIN;1;4;2017-12-03;13:27
1740937881.6492;0.0020s;1740937881.6512;2017120303;CHI@SF;1;4;2017-12-03;15:00
1740937881.6492;0.0020s;1740937881.6512;2017120400;PIT@CIN;1;3;2017-12-04;01:21
1740937881.6492;0.0020s;1740937881.6512;2017120700;NO@ATL;1;1;2017-12-07;02:21
1740937881.6492;0.0020s;1740937881.6512;2017120700;NO@ATL;1;3;2017-12-07;02:13
1740937881.6492;0.0020s;1740937881.6512;2017121009;NYJ@DEN;1;1;2017-12-10;05:56
1740937881.6492;0.0020s;1740937881.6512;2017121002;CHI@CIN;1;1;2017-12-10;06:23
1740937881.6492;0.0020s;1740937881.6512;2017121004;SF@HOU;1;1;2017-12-10;13:21
1740937881.6492;0.0020s;1740937881.6512;2017121003;GB@CLE;7;1;2017-12-10;12:14
1740937881.6492;0.0020s;1740937881.6512;2017121002;CIN@CHI;1;2;2017-12-10;00:44
1740937881.6492;0.0020s;1740937881.6512;2017121007;TB@DET;1;2;2017-12-10;00:47
1740937881.6492;0.0020s;1740937881.6512;2017121008;ARI@TEN;1;2;2017-12-10;01:01
1740937881.6492;0.0020s;1740937881.6512;2017121006;OAK@KC;1;2;2017-12-10;01:26
1740937881.6492;0.0020s;1740937881.6512;2017121011;LA@PHI;1;2;2017-12-10;02:00
1740937881.6492;0.0020s;1740937881.6512;2017121003;GB@CLE;1;2;2017-12-10;02:17
1740937881.6492;0.0020s;1740937881.6512;2017121001;CAR@MIN;1;2;2017-12-10;02:45
1740937881.6492;0.0020s;1740937881.6512;2017121005;JAX@SEA;1;2;2017-12-10;04:10
1740937881.6492;0.0020s;1740937881.6512;2017121011;LA@PHI;1;2;2017-12-10;04:46
1740937881.6492;0.0020s;1740937881.6512;2017121009;NYJ@DEN;1;2;2017-12-10;06:44
1740937881.6492;0.0020s;1740937881.6512;2017121011;PHI@LA;1;2;2017-12-10;07:14
1740937881.6492;0.0020s;1740937881.6512;2017121005;JAX@SEA;1;2;2017-12-10;08:56
1740937881.6492;0.0020s;1740937881.6512;2017121001;CAR@MIN;1;2;2017-12-10;09:15
1740937881.6492;0.0020s;1740937881.6512;2017121001;MIN@CAR;1;2;2017-12-10;13:11
1740937881.6492;0.0020s;1740937881.6512;2017121001;CAR@MIN;1;3;2017-12-10;00:30
1740937881.6492;0.0020s;1740937881.6512;2017121012;NYG@DAL;1;3;2017-12-10;01:04
1740937881.6492;0.0020s;1740937881.6512;2017121010;LAC@WAS;1;3;2017-12-10;02:44
1740937881.6492;0.0020s;1740937881.6512;2017121006;OAK@KC;1;3;2017-12-10;05:26
1740937881.6492;0.0020s;1740937881.6512;2017121004;HOU@SF;1;3;2017-12-10;05:36
1740937881.6492;0.0020s;1740937881.6512;2017121005;SEA@JAX;1;3;2017-12-10;05:58
1740937881.6492;0.0020s;1740937881.6512;2017121013;PIT@BAL;1;3;2017-12-10;08:35
1740937881.6492;0.0020s;1740937881.6512;2017121006;OAK@KC;1;3;2017-12-10;09:01
1740937881.6492;0.0020s;1740937881.6512;2017121012;DAL@NYG;1;3;2017-12-10;09:36
1740937881.6492;0.0020s;1740937881.6512;2017121002;CIN@CHI;1;3;2017-12-10;10:22
1740937881.6492;0.0020s;1740937881.6512;2017121009;NYJ@DEN;1;3;2017-12-10;13:02
1740937881.6492;0.0020s;1740937881.6512;2017121003;CLE@GB;1;3;2017-12-10;13:37
1740937881.6492;0.0020s;1740937881.6512;2017121011;LA@PHI;1;4;2017-12-10;02:10
1740937881.6492;0.0020s;1740937881.6512;2017121008;TEN@ARI;1;4;2017-12-10;02:11
1740937881.6492;0.0020s;1740937881.6512;2017121013;BAL@PIT;1;4;2017-12-10;02:34
1740937881.6492;0.0020s;1740937881.6512;2017121005;JAX@SEA;1;4;2017-12-10;02:48
1740937881.6492;0.0020s;1740937881.6512;2017121003;CLE@GB;1;4;2017-12-10;02:57
1740937881.6492;0.0020s;1740937881.6512;2017121007;TB@DET;1;4;2017-12-10;03:06
1740937881.6492;0.0020s;1740937881.6512;2017121002;CHI@CIN;1;4;2017-12-10;04:41
1740937881.6492;0.0020s;1740937881.6512;2017121009;DEN@NYJ;1;4;2017-12-10;05:59
1740937881.6492;0.0020s;1740937881.6512;2017121004;SF@HOU;1;4;2017-12-10;06:42
1740937881.6492;0.0020s;1740937881.6512;2017121010;WAS@LAC;1;4;2017-12-10;06:45
1740937881.6492;0.0020s;1740937881.6512;2017121001;CAR@MIN;1;4;2017-12-10;07:13
1740937881.6492;0.0020s;1740937881.6512;2017121009;NYJ@DEN;1;4;2017-12-10;07:33
1740937881.6492;0.0020s;1740937881.6512;2017121008;TEN@ARI;1;4;2017-12-10;10:11
1740937881.6492;0.0020s;1740937881.6512;2017121009;NYJ@DEN;1;4;2017-12-10;10:27
1740937881.6492;0.0020s;1740937881.6512;2017121000;BUF@IND;1;4;2017-12-10;11:18
1740937881.6492;0.0020s;1740937881.6512;2017121012;NYG@DAL;1;4;2017-12-10;12:44
1740937881.6492;0.0020s;1740937881.6512;2017121010;LAC@WAS;1;4;2017-12-10;14:51
1740937881.6492;0.0020s;1740937881.6512;2017121100;MIA@NE;1;2;2017-12-11;09:25
1740937881.6492;0.0020s;1740937881.6512;2017121100;MIA@NE;1;4;2017-12-11;02:33
1740937881.6492;0.0020s;1740937881.6512;2017121100;NE@MIA;1;4;2017-12-11;07:15
1740937881.6492;0.0020s;1740937881.6512;2017121100;MIA@NE;1;4;2017-12-11;08:01
1740937881.6492;0.0020s;1740937881.6512;2017121600;CHI@DET;1;1;2017-12-16;05:35
1740937881.6492;0.0020s;1740937881.6512;2017121600;CHI@DET;1;1;2017-12-16;09:54
1740937881.6492;0.0020s;1740937881.6512;2017121601;LAC@KC;1;1;2017-12-16;11:46
1740937881.6492;0.0020s;1740937881.6512;2017121600;CHI@DET;1;3;2017-12-16;06:23
1740937881.6492;0.0020s;1740937881.6512;2017121600;DET@CHI;1;4;2017-12-16;09:34
1740937881.6492;0.0020s;1740937881.6512;2017121704;CIN@MIN;1;1;2017-12-17;00:01
1740937881.6492;0.0020s;1740937881.6512;2017121707;WAS@ARI;1;1;2017-12-17;02:07
1740937881.6492;0.0020s;1740937881.6512;2017121709;NE@PIT;1;1;2017-12-17;02:21
1740937881.6492;0.0020s;1740937881.6512;2017121702;BAL@CLE;1;1;2017-12-17;06:16
1740937881.6492;0.0020s;1740937881.6512;2017121708;SEA@LA;1;1;2017-12-17;06:17
1740937881.6492;0.0020s;1740937881.6512;2017121710;TEN@SF;1;1;2017-12-17;06:48
1740937881.6492;0.0020s;1740937881.6512;2017121704;MIN@CIN;1;1;2017-12-17;07:07
1740937881.6492;0.0020s;1740937881.6512;2017121700;BUF@MIA;1;1;2017-12-17;07:15
1740937881.6492;0.0020s;1740937881.6512;2017121700;MIA@BUF;1;1;2017-12-17;08:39
1740937881.6492;0.0020s;1740937881.6512;2017121705;NYJ@NO;1;1;2017-12-17;08:43
1740937881.6492;0.0020s;1740937881.6512;2017121704;CIN@MIN;1;1;2017-12-17;09:07
1740937881.6492;0.0020s;1740937881.6512;2017121703;HOU@JAX;1;1;2017-12-17;10:54
1740937881.6492;0.0020s;1740937881.6512;2017121708;SEA@LA;1;1;2017-12-17;11:10
1740937881.6492;0.0020s;1740937881.6512;2017121701;GB@CAR;1;1;2017-12-17;13:42
1740937881.6492;0.0020s;1740937881.6512;2017121708;SEA@LA;1;2;2017-12-17;01:33
1740937881.6492;0.0020s;1740937881.6512;2017121701;CAR@GB;1;2;2017-12-17;02:06
1740937881.6492;0.0020s;1740937881.6512;2017121705;NYJ@NO;1;2;2017-12-17;04:34
1740937881.6492;0.0020s;1740937881.6512;2017121704;CIN@MIN;1;2;2017-12-17;04:42
1740937881.6492;0.0020s;1740937881.6512;2017121708;SEA@LA;1;2;2017-12-17;10:31
1740937881.6492;0.0020s;1740937881.6512;2017121707;ARI@WAS;1;3;2017-12-17;03:34
1740937881.6492;0.0020s;1740937881.6512;2017121703;HOU@JAX;1;3;2017-12-17;04:29
1740937881.6492;0.0020s;1740937881.6512;2017121708;SEA@LA;1;3;2017-12-17;05:39
1740937881.6492;0.0020s;1740937881.6512;2017121703;JAX@HOU;1;3;2017-12-17;12:55
1740937881.6492;0.0020s;1740937881.6512;2017121711;DAL@OAK;24;3;2017-12-17;04:45
1740937881.6492;0.0020s;1740937881.6512;2017121706;PHI@NYG;1;4;2017-12-17;00:24
1740937881.6492;0.0020s;1740937881.6512;2017121708;LA@SEA;1;4;2017-12-17;02:00
1740937881.6492;0.0020s;1740937881.6512;2017121707;WAS@ARI;1;4;2017-12-17;02:12
1740937881.6492;0.0020s;1740937881.6512;2017121709;PIT@NE;1;4;2017-12-17;02:16
1740937881.6492;0.0020s;1740937881.6512;2017121705;NO@NYJ;1;4;2017-12-17;03:30
1740937881.6492;0.0020s;1740937881.6512;2017121702;CLE@BAL;1;4;2017-12-17;05:22
1740937881.6492;0.0020s;1740937881.6512;2017121705;NYJ@NO;1;4;2017-12-17;06:03
1740937881.6492;0.0020s;1740937881.6512;2017121711;OAK@DAL;1;4;2017-12-17;06:42
1740937881.6492;0.0020s;1740937881.6512;2017121707;ARI@WAS;1;4;2017-12-17;08:02
1740937881.6492;0.0020s;1740937881.6512;2017121707;WAS@ARI;1;4;2017-12-17;09:32
1740937881.6492;0.0020s;1740937881.6512;2017121705;NYJ@NO;1;4;2017-12-17;12:30
1740937881.6492;0.0020s;1740937881.6512;2017121708;SEA@LA;1;4;2017-12-17;12:50
1740937881.6492;0.0020s;1740937881.6512;2017121708;LA@SEA;1;4;2017-12-17;13:34
1740937881.6492;0.0020s;1740937881.6512;2017121707;WAS@ARI;1;4;2017-12-17;15:00
1740937881.6492;0.0020s;1740937881.6512;2017121800;TB@ATL;1;1;2017-12-18;12:07
1740937881.6492;0.0020s;1740937881.6512;2017121800;TB@ATL;1;2;2017-12-18;01:55
1740937881.6492;0.0020s;1740937881.6512;2017121800;ATL@TB;1;3;2017-12-18;10:10
1740937881.6492;0.0020s;1740937881.6512;2017121800;ATL@TB;1;4;2017-12-18;01:14
1740937881.6492;0.0020s;1740937881.6512;2017122301;MIN@GB;1;1;2017-12-23;04:55
1740937881.6492;0.0020s;1740937881.6512;2017122301;GB@MIN;1;1;2017-12-23;06:30
1740937881.6492;0.0020s;1740937881.6512;2017122301;MIN@GB;1;2;2017-12-23;00:27
1740937881.6492;0.0020s;1740937881.6512;2017122300;BAL@IND;1;3;2017-12-23;06:13
1740937881.6492;0.0020s;1740937881.6512;2017122301;MIN@GB;1;4;2017-12-23;13:42
1740937881.6492;0.0020s;1740937881.6512;2017122407;LA@TEN;0;1;2017-12-24;11:47
1740937881.6492;0.0020s;1740937881.6512;2017122401;CLE@CHI;1;1;2017-12-24;00:24
1740937881.6492;0.0020s;1740937881.6512;2017122406;LAC@NYJ;1;1;2017-12-24;00:27
1740937881.6492;0.0020s;1740937881.6512;2017122410;ARI@NYG;1;1;2017-12-24;01:33
1740937881.6492;0.0020s;1740937881.6512;2017122405;ATL@NO;1;1;2017-12-24;04:54
1740937881.6492;0.0020s;1740937881.6512;2017122406;LAC@NYJ;1;1;2017-12-24;05:28
1740937881.6492;0.0020s;1740937881.6512;2017122401;CLE@CHI;1;1;2017-12-24;06:44
1740937881.6492;0.0020s;1740937881.6512;2017122408;WAS@DEN;1;1;2017-12-24;08:11
1740937881.6492;0.0020s;1740937881.6512;2017122409;JAX@SF;1;1;2017-12-24;09:38
1740937881.6492;0.0020s;1740937881.6512;2017122402;DET@CIN;1;1;2017-12-24;10:39
1740937881.6492;0.0020s;1740937881.6512;2017122405;ATL@NO;1;1;2017-12-24;11:46
1740937881.6492;0.0020s;1740937881.6512;2017122411;DAL@SEA;1;1;2017-12-24;14:17
1740937881.6492;0.0020s;1740937881.6512;2017122401;CHI@CLE;1;2;2017-12-24;00:43
1740937881.6492;0.0020s;1740937881.6512;2017122406;LAC@NYJ;1;2;2017-12-24;05:07
1740937881.6492;0.0020s;1740937881.6512;2017122400;TB@CAR;1;2;2017-12-24;06:51
1740937881.6492;0.0020s;1740937881.6512;2017122411;SEA@DAL;1;2;2017-12-24;11:22
1740937881.6492;0.0020s;1740937881.6512;2017122401;CHI@CLE;1;2;2017-12-24;13:12
1740937881.6492;0.0020s;1740937881.6512;2017122410;ARI@NYG;1;2;2017-12-24;13:38
1740937881.6492;0.0020s;1740937881.6512;2017122406;NYJ@LAC;1;2;2017-12-24;14:52
1740937881.6492;0.0020s;1740937881.6512;2017122408;WAS@DEN;1;2;2017-12-24;14:55
1740937881.6492;0.0020s;1740937881.6512;2017122404;BUF@NE;1;3;2017-12-24;03:04
1740937881.6492;0.0020s;1740937881.6512;2017122410;ARI@NYG;1;3;2017-12-24;05:06
1740937881.6492;0.0020s;1740937881.6512;2017122411;SEA@DAL;1;3;2017-12-24;06:43
1740937881.6492;0.0020s;1740937881.6512;2017122405;NO@ATL;1;3;2017-12-24;07:56
1740937881.6492;0.0020s;1740937881.6512;2017122403;MIA@KC;1;3;2017-12-24;08:59
1740937881.6492;0.0020s;1740937881.6512;2017122401;CLE@CHI;1;3;2017-12-24;11:07
1740937881.6492;0.0020s;1740937881.6512;2017122405;NO@ATL;1;3;2017-12-24;12:06
1740937881.6492;0.0020s;1740937881.6512;2017122406;LAC@NYJ;1;4;2017-12-24;00:15
1740937881.6492;0.0020s;1740937881.6512;2017122405;ATL@NO;1;4;2017-12-24;04:11
1740937881.6492;0.0020s;1740937881.6512;2017122401;CHI@CLE;1;4;2017-12-24;06:53
1740937881.6492;0.0020s;1740937881.6512;2017122404;BUF@NE;1;4;2017-12-24;07:32
1740937881.6492;0.0020s;1740937881.6512;2017122406;LAC@NYJ;1;4;2017-12-24;08:11
1740937881.6492;0.0020s;1740937881.6512;2017122409;JAX@SF;1;4;2017-12-24;08:17
1740937881.6492;0.0020s;1740937881.6512;2017122407;LA@TEN;1;4;2017-12-24;08:47
1740937881.6492;0.0020s;1740937881.6512;2017122407;TEN@LA;1;4;2017-12-24;10:21
1740937881.6492;0.0020s;1740937881.6512;2017122405;NO@ATL;1;4;2017-12-24;11:35
1740937881.6492;0.0020s;1740937881.6512;2017122406;LAC@NYJ;1;4;2017-12-24;12:42
1740937881.6492;0.0020s;1740937881.6512;2017122410;NYG@ARI;1;4;2017-12-24;13:37
1740937881.6492;0.0020s;1740937881.6512;2017122408;DEN@WAS;1;4;2017-12-24;15:00
1740937881.6492;0.0020s;1740937881.6512;2017122500;HOU@PIT;1;2;2017-12-25;00:16
1740937881.6492;0.0020s;1740937881.6512;2017122501;OAK@PHI;1;2;2017-12-25;03:16
1740937881.6492;0.0020s;1740937881.6512;2017122501;PHI@OAK;1;2;2017-12-25;14:11
1740937881.6492;0.0020s;1740937881.6512;2017122501;PHI@OAK;1;3;2017-12-25;05:46
1740937881.6492;0.0020s;1740937881.6512;2017122500;HOU@PIT;1;3;2017-12-25;05:58
1740937881.6492;0.0020s;1740937881.6512;2017122500;HOU@PIT;1;3;2017-12-25;09:16
1740937881.6492;0.0020s;1740937881.6512;2017122500;PIT@HOU;1;4;2017-12-25;05:23
1740937881.6492;0.0020s;1740937881.6512;2017122500;HOU@PIT;1;4;2017-12-25;06:58
1740937881.6492;0.0020s;1740937881.6512;2017122501;OAK@PHI;1;4;2017-12-25;14:08
1740937881.6492;0.0020s;1740937881.6512;2017123112;DEN@KC;1;1;2017-12-31;00:01
1740937881.6492;0.0020s;1740937881.6512;2017123106;NE@NYJ;1;1;2017-12-31;00:26
1740937881.6492;0.0020s;1740937881.6512;2017123105;CHI@MIN;1;1;2017-12-31;00:49
1740937881.6492;0.0020s;1740937881.6512;2017123101;CIN@BAL;1;1;2017-12-31;03:26
1740937881.6492;0.0020s;1740937881.6512;2017123101;BAL@CIN;1;1;2017-12-31;06:22
1740937881.6492;0.0020s;1740937881.6512;2017123105;CHI@MIN;1;1;2017-12-31;07:28
1740937881.6492;0.0020s;1740937881.6512;2017123101;CIN@BAL;1;1;2017-12-31;07:47
1740937881.6492;0.0020s;1740937881.6512;2017123106;NYJ@NE;1;1;2017-12-31;07:49
1740937881.6492;0.0020s;1740937881.6512;2017123111;JAX@TEN;1;1;2017-12-31;08:20
1740937881.6492;0.0020s;1740937881.6512;2017123109;CLE@PIT;1;1;2017-12-31;08:25
1740937881.6492;0.0020s;1740937881.6512;2017123111;TEN@JAX;1;1;2017-12-31;11:57
1740937881.6492;0.0020s;1740937881.6512;2017123105;CHI@MIN;1;1;2017-12-31;13:03
1740937881.6492;0.0020s;1740937881.6512;2017123111;JAX@TEN;1;1;2017-12-31;13:46
1740937881.6492;0.0020s;1740937881.6512;2017123107;NYG@WAS;1;2;2017-12-31;00:18
1740937881.6492;0.0020s;1740937881.6512;2017123109;CLE@PIT;1;2;2017-12-31;00:27
1740937881.6492;0.0020s;1740937881.6512;2017123108;DAL@PHI;1;2;2017-12-31;00:39
1740937881.6492;0.0020s;1740937881.6512;2017123105;CHI@MIN;1;2;2017-12-31;00:40
1740937881.6492;0.0020s;1740937881.6512;2017123102;GB@DET;1;2;2017-12-31;01:51
1740937881.6492;0.0020s;1740937881.6512;2017123106;NYJ@NE;1;2;2017-12-31;02:10
1740937881.6492;0.0020s;1740937881.6512;2017123104;BUF@MIA;1;2;2017-12-31;02:16
1740937881.6492;0.0020s;1740937881.6512;2017123114;LA@SF;1;2;2017-12-31;02:24
1740937881.6492;0.0020s;1740937881.6512;2017123115;SEA@ARI;1;2;2017-12-31;02:33
1740937881.6492;0.0020s;1740937881.6512;2017123101;BAL@CIN;1;2;2017-12-31;03:32
1740937881.6492;0.0020s;1740937881.6512;2017123107;WAS@NYG;1;2;2017-12-31;04:15
1740937881.6492;0.0020s;1740937881.6512;2017123109;PIT@CLE;1;2;2017-12-31;05:36
1740937881.6492;0.0020s;1740937881.6512;2017123103;IND@HOU;1;2;2017-12-31;06:33
1740937881.6492;0.0020s;1740937881.6512;2017123108;DAL@PHI;1;2;2017-12-31;07:16
1740937881.6492;0.0020s;1740937881.6512;2017123101;BAL@CIN;1;2;2017-12-31;08:22
1740937881.6492;0.0020s;1740937881.6512;2017123106;NYJ@NE;1;2;2017-12-31;08:47
1740937881.6492;0.0020s;1740937881.6512;2017123107;WAS@NYG;1;2;2017-12-31;08:57
1740937881.6492;0.0020s;1740937881.6512;2017123100;ATL@CAR;1;2;2017-12-31;09:24
1740937881.6492;0.0020s;1740937881.6512;2017123107;NYG@WAS;1;2;2017-12-31;13:09
1740937881.6492;0.0020s;1740937881.6512;2017123101;CIN@BAL;1;2;2017-12-31;13:17
1740937881.6492;0.0020s;1740937881.6512;2017123102;DET@GB;1;2;2017-12-31;13:32
1740937881.6492;0.0020s;1740937881.6512;2017123114;SF@LA;1;2;2017-12-31;14:55
1740937881.6492;0.0020s;1740937881.6512;2017123103;HOU@IND;1;3;2017-12-31;00:13
1740937881.6492;0.0020s;1740937881.6512;2017123115;ARI@SEA;1;3;2017-12-31;00:56
1740937881.6492;0.0020s;1740937881.6512;2017123111;TEN@JAX;1;3;2017-12-31;02:02
1740937881.6492;0.0020s;1740937881.6512;2017123100;CAR@ATL;1;3;2017-12-31;02:49
1740937881.6492;0.0020s;1740937881.6512;2017123107;WAS@NYG;1;3;2017-12-31;02:55
1740937881.6492;0.0020s;1740937881.6512;2017123105;CHI@MIN;1;3;2017-12-31;04:01
1740937881.6492;0.0020s;1740937881.6512;2017123101;CIN@BAL;1;3;2017-12-31;04:14
1740937881.6492;0.0020s;1740937881.6512;2017123111;JAX@TEN;1;3;2017-12-31;04:25
1740937881.6492;0.0020s;1740937881.6512;2017123103;HOU@IND;1;3;2017-12-31;05:30
1740937881.6492;0.0020s;1740937881.6512;2017123114;LA@SF;1;3;2017-12-31;08:57
1740937881.6492;0.0020s;1740937881.6512;2017123107;WAS@NYG;1;3;2017-12-31;10:51
1740937881.6492;0.0020s;1740937881.6512;2017123112;DEN@KC;1;3;2017-12-31;12:56
1740937881.6492;0.0020s;1740937881.6512;2017123114;LA@SF;1;3;2017-12-31;13:44
1740937881.6492;0.0020s;1740937881.6512;2017123102;DET@GB;1;4;2017-12-31;02:21
1740937881.6492;0.0020s;1740937881.6512;2017123111;JAX@TEN;1;4;2017-12-31;04:08
1740937881.6492;0.0020s;1740937881.6512;2017123100;ATL@CAR;1;4;2017-12-31;04:29
1740937881.6492;0.0020s;1740937881.6512;2017123104;BUF@MIA;1;4;2017-12-31;05:01
1740937881.6492;0.0020s;1740937881.6512;2017123112;KC@DEN;1;4;2017-12-31;05:27
1740937881.6492;0.0020s;1740937881.6512;2017123100;CAR@ATL;1;4;2017-12-31;05:32
1740937881.6492;0.0020s;1740937881.6512;2017123103;HOU@IND;1;4;2017-12-31;06:53
1740937881.6492;0.0020s;1740937881.6512;2017123115;ARI@SEA;1;4;2017-12-31;09:34
1740937881.6492;0.0020s;1740937881.6512;2017123105;MIN@CHI;1;4;2017-12-31;10:07
1740937881.6492;0.0020s;1740937881.6512;2017123108;PHI@DAL;1;4;2017-12-31;10:45
1740937881.6492;0.0020s;1740937881.6512;2017123107;NYG@WAS;1;4;2017-12-31;11:26
1740937881.6492;0.0020s;1740937881.6512;2017123115;ARI@SEA;1;4;2017-12-31;11:26
